marketTokenAddress,indexTokenAddress,longTokenAddress,shortTokenAddress,isSameCollaterals,isSpotOnly,name,data,isDisabled,longInterestUsd,shortInterestUsd,longInterestInTokens,shortInterestInTokens,longPoolAmount,shortPoolAmount,maxLongPoolAmountForDeposit,maxShortPoolAmountForDeposit,maxLongPoolAmount,maxShortPoolAmount,poolValueMin,poolValueMax,reserveFactorLong,reserveFactorShort,openInterestReserveFactorLong,openInterestReserveFactorShort,maxOpenInterestLong,maxOpenInterestShort,totalBorrowingFees,positionImpactPoolAmount,minPositionImpactPoolAmount,positionImpactPoolDistributionRate,swapImpactPoolAmountLong,swapImpactPoolAmountShort,borrowingFactorLong,borrowingFactorShort,borrowingExponentFactorLong,borrowingExponentFactorShort,fundingFactor,fundingExponentFactor,fundingIncreaseFactorPerSecond,fundingDecreaseFactorPerSecond,thresholdForDecreaseFunding,thresholdForStableFunding,minFundingFactorPerSecond,maxFundingFactorPerSecond,pnlLongMax,pnlLongMin,pnlShortMax,pnlShortMin,netPnlMax,netPnlMin,maxPnlFactorForTradersLong,maxPnlFactorForTradersShort,minCollateralFactor,minCollateralFactorForOpenInterestLong,minCollateralFactorForOpenInterestShort,claimableFundingAmountLong,claimableFundingAmountShort,positionFeeFactorForPositiveImpact,positionFeeFactorForNegativeImpact,positionImpactFactorPositive,positionImpactFactorNegative,maxPositionImpactFactorPositive,maxPositionImpactFactorNegative,maxPositionImpactFactorForLiquidations,positionImpactExponentFactor,swapFeeFactorForPositiveImpact,swapFeeFactorForNegativeImpact,swapImpactFactorPositive,swapImpactFactorNegative,swapImpactExponentFactor,borrowingFactorPerSecondForLongs,borrowingFactorPerSecondForShorts,fundingFactorPerSecond,longsPayShorts,virtualPoolAmountForLongToken,virtualPoolAmountForShortToken,virtualInventoryForPositions,virtualMarketId,virtualLongTokenId,virtualShortTokenId
0x47c031236e19d024b42f8AE6780E44A573170703,0x47904963fc8b2340414262125aF798B9655E58Cd,0x2f2a2543B76A4166549F7aaB2e75Bef0aefC5B0f,0xaf88d065e77c8cC2239327C5EDb3A432268e5831,false,false,BTC/USD [BTC-USDC],,false,31208782738705266736277893463463559985,30202872746558844818215906290744023351,48034094740,49350860132,84531999464,55392246437986,200000000000,100000000000000,220000000000,110000000000000,110012275488081691779235608058683271286,110020414502934641979087608058683271286,1250000000000000000000000000000,1250000000000000000000000000000,1200000000000000000000000000000,1200000000000000000000000000000,90000000000000000000000000000000000000,90000000000000000000000000000000000000,195013252204090951570826803117039131,1757945120,95000000,552000000000000000000000000000000,230195,261312056,9850000000000000000,9850000000000000000,1400000000000000000000000000000,1400000000000000000000000000000,20000000000000000000000,1000000000000000000000000000000,790000000000000000,0,0,50000000000000000000000000000,300000000000000000000,10000000000000000000000,-652507725925991336277893463463559985,-651827401701880515137893463463559985,-1191744702959576925436093709255976649,-1191045728911866901784093709255976649,-1844252428885568261713987172719536634,-1842873130613747416921987172719536634,900000000000000000000000000000,900000000000000000000000000000,10000000000000000000000000000,200000000000000000000,200000000000000000000,0,0,500000000000000000000000000,700000000000000000000000000,90000000000000000000,150000000000000000000,5000000000000000000000000000,5000000000000000000000000000,0,2000000000000000000000000000000,500000000000000000000000000,700000000000000000000000000,200000000000000000000,200000000000000000000,2000000000000000000000000000000,5521008302914086301242,0,7550696674752770451008,true,84531999464,55392246437986,-1018280979324122622566403054219536634,0xba1ff14bf93fbb00b6f43d3ad403cc4c6496c1bb88489075c8b1bc709bde9ebb,0x0000000000000000000000000000000000000000000000000000000000000000,0x0000000000000000000000000000000000000000000000000000000000000000
0x70d95587d40A2caf56bd97485aB3Eec10Bee6336,0x82aF49447D8a07e3bd95BD0d56f35241523fBab1,0x82aF49447D8a07e3bd95BD0d56f35241523fBab1,0xaf88d065e77c8cC2239327C5EDb3A432268e5831,false,false,ETH/USD [WETH-USDC],,false,34688938546674112885283777169448583169,34439300069340827861372952844752936045,11093276128717794224669,11239140558459047340810,14983415389486698517540,48007113235830,34013000000000000000000,90000000000000,37792000000000000000000,100000000000000,97765071857329253379234705905489975078,97783371860727809601111860452728375078,1400000000000000000000000000000,1400000000000000000000000000000,1350000000000000000000000000000,1350000000000000000000000000000,80000000000000000000000000000000000000,80000000000000000000000000000000000000,334933601972823967839887606899726912,237939660106657226677,10000000000000000000,82880000000000000000000000000000000000000000,4083703846206,3979494,9300000000000000000,9300000000000000000,1400000000000000000000000000000,1400000000000000000000000000000,20000000000000000000000,1000000000000000000000000000000,790000000000000000,0,0,50000000000000000000000000000,300000000000000000000,10000000000000000000000,2038922956994883219265022249275066831,2042911035800253200467636787151416831,-2775533099814382355236580089247063955,-2771492582141183010112512429885563955,-736610142819499135971557839971997124,-728581546340929809644875642734147124,900000000000000000000000000000,900000000000000000000000000000,10000000000000000000000000000,200000000000000000000,200000000000000000000,0,0,500000000000000000000000000,700000000000000000000000000,90000000000000000000,150000000000000000000,5000000000000000000000000000,5000000000000000000000000000,0,2000000000000000000000000000000,500000000000000000000000000,700000000000000000000000000,200000000000000000000,200000000000000000000,2000000000000000000000000000000,7311327302469122049560,0,7998253052107621227145,true,14983415389486698517540,48007113235830,-461707112804159514314730604507086870,0xf5134a0a1379cd7f246d7a04d2463c57aa177bf09a34e93dafc5e768c05cea63,0x3c48977e4fc47fa4616e13af7ceb68b0d545dce7b1fb9ec7b85bb6e00870a051,0x0000000000000000000000000000000000000000000000000000000000000000
0x6853EA96FF216fAb11D2d930CE3C508556A4bdc4,0xC4da4c24fd591125c3F47b340b6f4f76111883d8,0x82aF49447D8a07e3bd95BD0d56f35241523fBab1,0xaf88d065e77c8cC2239327C5EDb3A432268e5831,false,false,DOGE/USD [WETH-USDC],,false,1343668720353904822347854116982127545,1206917982317424308819725378049994752,926093883155109,759027762573471,833205372958903834689,2599789825725,1060000000000000000000,3500000000000,1200000000000000000000,4000000000000,5169176662324130744482967556373627378,5170023336806320371778189165832977378,1250000000000000000000000000000,1250000000000000000000000000000,1200000000000000000000000000000,1200000000000000000000000000000,3000000000000000000000000000000000000,3000000000000000000000000000000000000,20345792473056538332172765556896167,58934394792096,2600000000000,19520000000000000000000000000000000000,0,0,12000000000000000000,12000000000000000000,1500000000000000000000000000000,1500000000000000000000000000000,20000000000000000000000,1000000000000000000000000000000,1160000000000000000,0,0,50000000000000000000000000000,300000000000000000000,15000000000000000000000,44111394636238875998445883017872455,44263922298794522450745883017872455,69366566076271159086325378049994752,69491577948767009760025378049994752,113477960712510035084771261067867207,113755500247561532210771261067867207,700000000000000000000000000000,700000000000000000000000000000,10000000000000000000000000000,5000000000000000000000,5000000000000000000000,0,0,500000000000000000000000000,700000000000000000000000000,13000000000000000000000,26000000000000000000000,5000000000000000000000000000,5000000000000000000000000000,0,2000000000000000000000000000000,500000000000000000000000000,700000000000000000000000000,5000000000000000000000,5000000000000000000000,2000000000000000000000000000000,7112887675515996519744,0,3443311284597501900916,true,833205372958903834689,2599789825725,-136750738036480513528128738932132793,0x1d8eb216c5594c7c1ee5b7c9434607b93048d3503f95678132f1317fa99a55ac,0x3c48977e4fc47fa4616e13af7ceb68b0d545dce7b1fb9ec7b85bb6e00870a051,0x0000000000000000000000000000000000000000000000000000000000000000
0x09400D9DB990D5ed3f35D7be61DfAEB900Af03C9,0x2bcC6D6CdBbDC0a4071e48bb3B969b06B3330c07,0x2bcC6D6CdBbDC0a4071e48bb3B969b06B3330c07,0xaf88d065e77c8cC2239327C5EDb3A432268e5831,false,false,SOL/USD [SOL-USDC],,false,9433356736481512528200433834297117488,9188055873261327080973011075968056960,68409994698568,61306619153935,80796504354768,11459568919079,152000000000000,14500000000000,167700000000000,16000000000000,21959941674424782676816981068694750845,21963442176042732754482981068694750845,1450000000000000000000000000000,1450000000000000000000000000000,1400000000000000000000000000000,1400000000000000000000000000000,17500000000000000000000000000000000000,17500000000000000000000000000000000000,107298562902754651175283032326492567,1559570065454,219000000000,1150000000000000000000000000000000000,19586513680,5680713,4000000000000000000,4000000000000000000,1500000000000000000000000000000,1500000000000000000000000000000,20000000000000000000000,1000000000000000000000000000000,1160000000000000000,0,0,50000000000000000000000000000,300000000000000000000,15000000000000000000000,229244340961793130012766165702882512,230003976488525180855646165702882512,528093574074758694815661075968056960,528774332582903053685261075968056960,757337915036551824828427241670939472,758778309071428234540907241670939472,900000000000000000000000000000,900000000000000000000000000000,10000000000000000000000000000,1700000000000000000000,1700000000000000000000,0,0,500000000000000000000000000,700000000000000000000000000,32500000000000000000,65000000000000000000,5000000000000000000000000000,5000000000000000000000000000,0,2300000000000000000000000000000,500000000000000000000000000,700000000000000000000000000,5000000000000000000000,10000000000000000000000,2000000000000000000000000000000,10528953637072191914943,0,3610708515327531227646,true,80796504354768,11459568919079,-245300863220185447227422758329060528,0xb20ab5cc3e9cef737f22fd7c99fcc71c0360484f26cfa8428606fc8e94848f07,0xe164d90f9b49d7563d555e0316bb53a5f920111bde55dbf44359ae6db82ff4e7,0x0000000000000000000000000000000000000000000000000000000000000000
0xD9535bB5f58A1a75032416F2dFe7880C30575a41,0xB46A094Bc4B0adBD801E14b9DB95e05E28962764,0x82aF49447D8a07e3bd95BD0d56f35241523fBab1,0xaf88d065e77c8cC2239327C5EDb3A432268e5831,false,false,LTC/USD [WETH-USDC],,false,300014662988435587547014515000000000,288528732879689045170000000000000000,367001940861,335248679331,209536872414445227117,676179317002,800000000000000000000,1500000000000,800000000000000000000,1500000000000,1345321050378917944623464170980118245,1345570325570061062362560425015668245,950000000000000000000000000000,950000000000000000000000000000,900000000000000000000000000000,900000000000000000000000000000,1000000000000000000000000000000000000,1000000000000000000000000000000000000,4287300266834412820571247961378167,13834703285,2800000000,5418000000000000000000000000000000,5971151819802913,29819,30000000000000000000,30000000000000000000,1500000000000000000000000000000,1500000000000000000000000000000,20000000000000000000000,1000000000000000000000000000000,1160000000000000000,0,0,50000000000000000000000000000,300000000000000000000,15000000000000000000000,12504973627168530492985485000000000,12559488095464023432985485000000000,2998713343431389590000000000000000,3048511182259216330000000000000000,15503686970599920082985485000000000,15607999277723239762985485000000000,600000000000000000000000000000,600000000000000000000000000000,10000000000000000000000000000,2500000000000000000000,2500000000000000000000,0,0,500000000000000000000000000,700000000000000000000000000,18000000000000000000000,36000000000000000000000,5000000000000000000000000000,5000000000000000000000000000,0,2000000000000000000000000000000,500000000000000000000000000,700000000000000000000000000,5000000000000000000000,5000000000000000000000,2000000000000000000000000000000,7557089562738238966422,0,15000000000000000000000,true,209536872414445227117,676179317002,-11485930108746542377014515000000000,0xb890c85174d049941f8b8576844968c4d2864b0c1b9e05ecac35ca077bf17d71,0x3c48977e4fc47fa4616e13af7ceb68b0d545dce7b1fb9ec7b85bb6e00870a051,0x0000000000000000000000000000000000000000000000000000000000000000
0xc7Abb2C5f3BF3CEB389dF0Eecd6120D451170B50,0xFa7F8980b0f1E64A2062791cc3b0871572f1F7f0,0xFa7F8980b0f1E64A2062791cc3b0871572f1F7f0,0xaf88d065e77c8cC2239327C5EDb3A432268e5831,false,false,UNI/USD [UNI-USDC],,false,364046636742900671230067578466711957,344744496241582358588581894915840661,47326344698970944738425,42981498468483111679582,113558735180716036424480,881354686373,300000000000000000000000,1500000000000,300000000000000000000000,1500000000000,1758266259053792047863513727715918829,1758777639244078025882961533884668829,1050000000000000000000000000000,1050000000000000000000000000000,1000000000000000000000000000000,1000000000000000000000000000000,1000000000000000000000000000000000000,1000000000000000000000000000000000000,1572728023046409349548190303408783,2084356503090050423688,170000000000000000000,1433200000000000000000000000000000000000000000,1234876962446885488141,2671691077,16000000000000000000000,16000000000000000000000,1000000000000000000000000000000,1000000000000000000000000000000,20000000000000000000000,1000000000000000000000000000000,1160000000000000000,0,0,50000000000000000000000000000,300000000000000000000,15000000000000000000000,14418135639691205952645038857038043,14515403109633765986818686838288043,936753648240921667088856626640661,1025091372968271582368317532140661,15354889287932127619733895483678704,15540494482602037569187004370428704,900000000000000000000000000000,900000000000000000000000000000,10000000000000000000000000000,29000000000000000000000,29000000000000000000000,0,0,500000000000000000000000000,700000000000000000000000000,21000000000000000000000,42000000000000000000000,5000000000000000000000000000,5000000000000000000000000000,0,2000000000000000000000000000000,500000000000000000000000000,700000000000000000000000000,15000000000000000000000,30000000000000000000000,2000000000000000000000000000000,6669818257098721962792,0,14529550574210694687378,true,113558735180716036424480,881354686373,-19302140501318312641485683550871296,0xac74a8ce840f9f11faaa15bd01a21a95ded2d6d1e2f3de883ef04c6f7e604ef4,0xd6f594c665cfd695fe0f7241434c3e44f7d3b0e20145e97654d944d26203ddb8,0x0000000000000000000000000000000000000000000000000000000000000000
0x7f1fa204bb700853D36994DA19F830b6Ad18455C,0xf97f4df75117a78c1A5a0DBb814Af92458539FB4,0xf97f4df75117a78c1A5a0DBb814Af92458539FB4,0xaf88d065e77c8cC2239327C5EDb3A432268e5831,false,false,LINK/USD [LINK-USDC],,false,3889164934770171343430157713710309365,3765256896222879966251688503171262026,267762974965702117220298,249578386075793978108931,217967875713810554736538,2976668693918,550000000000000000000000,7200000000000,600000000000000000000000,8000000000000,5876095607857395051746500815328312590,5877947283227695244623389284022072590,1450000000000000000000000000000,1450000000000000000000000000000,1400000000000000000000000000000,1400000000000000000000000000000,7000000000000000000000000000000000000,7000000000000000000000000000000000000,34619291845591704540173591072817860,4078770286806846305817,638000000000000000000,2068000000000000000000000000000000000000000000,2759675693090890202416,1596809301,7000000000000000000,7000000000000000000,1500000000000000000000000000000,1500000000000000000000000000000,20000000000000000000000,1000000000000000000000000000000,1160000000000000000,0,0,50000000000000000000000000000,300000000000000000000,15000000000000000000000,-120786156160879966682428424090929365,-120223347841429307059264251927709365,252275467031241219905213780666562026,252800053345150070509861161646152026,131489310870361253222785356575632661,132576705503720763450596909718442661,900000000000000000000000000000,900000000000000000000000000000,10000000000000000000000000000,3000000000000000000000,3000000000000000000000,0,0,500000000000000000000000000,700000000000000000000000000,250000000000000000000,500000000000000000000,5000000000000000000000000000,5000000000000000000000000000,0,2200000000000000000000000000000,500000000000000000000000000,700000000000000000000000000,4000000000000000000000,8000000000000000000000,2000000000000000000000000000000,16696699592175918845555,0,9654465838152423363516,true,217967875713810554736538,2976668693918,-123908038547291377178469210539047339,0xeed81816403077d40644cf5d67e0684a662b9e79f29112103f52bebee3ca78e2,0xc31eff1feab296b571fe8131f0a4addc859c36445b90ea23edd116081d5eb0e8,0x0000000000000000000000000000000000000000000000000000000000000000
0xC25cEf6061Cf5dE5eb761b50E4743c1F5D7E5407,0x912CE59144191C1204E64559FE8253a0e49E6548,0x912CE59144191C1204E64559FE8253a0e49E6548,0xaf88d065e77c8cC2239327C5EDb3A432268e5831,false,false,ARB/USD [ARB-USDC],,false,1483368936181191693803981767347567430,1334107905567537809400958535646355853,1313109758116013102887267,966322994385969438159806,3740177275046085443831962,4210305222629,6796000000000000000000000,14000000000000,7524000000000000000000000,15500000000000,8143646709021415936766986340711560365,8146673787173199719222408978058920365,1250000000000000000000000000000,1250000000000000000000000000000,1200000000000000000000000000000,1200000000000000000000000000000,10000000000000000000000000000000000000,10000000000000000000000000000000000000,5813822801145633019170808130585379,52999938170226689545173,27598000000000000000000,16010000000000000000000000000000000000000000000,30659458960780694355,109775914,7500000000000000000,7500000000000000000,1500000000000000000000000000000,1500000000000000000000000000000,20000000000000000000000,1000000000000000000000000000000,1160000000000000000,0,0,50000000000000000000000000000,300000000000000000000,15000000000000000000000,2980324630995280116505417922002570,3543871945885929459871546300392570,239882515603400782722653192663075853,240297232442901409226428236604095853,242862840234396062839158610585078423,243841104388787338686299782904488423,900000000000000000000000000000,900000000000000000000000000000,10000000000000000000000000000,3800000000000000000000,3800000000000000000000,0,0,500000000000000000000000000,700000000000000000000000000,250000000000000000000,500000000000000000000,5000000000000000000000000000,5000000000000000000000000000,0,2200000000000000000000000000000,500000000000000000000000000,700000000000000000000000000,4000000000000000000000,8000000000000000000000,2000000000000000000000000000000,3212014425913291661990,0,6359807336493821626225,true,3740177275046085443831962,4210305222629,-149261030613653884403023231701211577,0x85248fe8b259d5a671c8ca8540127a7b9cb2534b1175b95d1df6391360841c7b,0xab14694c1d031aa28aedaf394a1c4f0054ad43be42448259b8bc064efa1af97c,0x0000000000000000000000000000000000000000000000000000000000000000
0x0CCB4fAa6f1F1B30911619f1184082aB4E25813c,0xc14e065b0067dE91534e032868f5Ac6ecf2c6868,0x82aF49447D8a07e3bd95BD0d56f35241523fBab1,0xaf88d065e77c8cC2239327C5EDb3A432268e5831,false,false,XRP/USD [WETH-USDC],,false,387998896425853565579002891581149995,371374441429879022718766769215203600,695848124628,640601442415,219859773189739110143,719366975464,845000000000000000000,2000000000000,1056000000000000000000,2500000000000,1433544918065278293905142936062659657,1433829579454378925702656651656109657,1250000000000000000000000000000,1250000000000000000000000000000,1200000000000000000000000000000,1200000000000000000000000000000,2000000000000000000000000000000000000,2000000000000000000000000000000000000,4913894672736128689472363635179781,9090522788,4169000000,4982000000000000000000000000000000,4792723708061977,0,22300000000000000000,22300000000000000000,1500000000000000000000000000000,1500000000000000000000000000000,20000000000000000000000,1000000000000000000000000000000,1160000000000000000,0,0,50000000000000000000000000000,300000000000000000000,15000000000000000000000,-27046567093180969499002891581149995,-26977420665036685139002891581149995,39016172534912137268766769215203600,39079829100244915818766769215203600,11969605441731167769763877634053605,12102408435208230679763877634053605,700000000000000000000000000000,700000000000000000000000000000,10000000000000000000000000000,2000000000000000000000,2000000000000000000000,0,0,500000000000000000000000000,700000000000000000000000000,14000000000000000000000,28000000000000000000000,5000000000000000000000000000,5000000000000000000000000000,0,2000000000000000000000000000000,500000000000000000000000000,700000000000000000000000000,5000000000000000000000,5000000000000000000000,2000000000000000000000000000000,6645425972180145516340,0,12743514455418219678316,true,219859773189739110143,719366975464,-16624454995974542860236122365946395,0x4cdf047af6bcf090983ce57032e6e50a0ce1adc3cc5c3a51621361a4591267e5,0x3c48977e4fc47fa4616e13af7ceb68b0d545dce7b1fb9ec7b85bb6e00870a051,0x0000000000000000000000000000000000000000000000000000000000000000
0x2d340912Aa47e33c90Efb078e69E70EFe2B34b9B,0xa9004A5421372E1D83fB1f85b0fc986c912f91f3,0xa9004A5421372E1D83fB1f85b0fc986c912f91f3,0xaf88d065e77c8cC2239327C5EDb3A432268e5831,false,false,BNB/USD [BNB-USDC],,false,200338978518852207545852570682737618,242613091404295796400302407220802614,355564258315647310616,402380986971813173942,1126107952492780008338,585299867550,12700000000000000000000,4500000000000,14120000000000000000000,5000000000000,1248767049968509582461420170335501329,1249050522869705468370305426825501329,1050000000000000000000000000000,1050000000000000000000000000000,1000000000000000000000000000000,1000000000000000000000000000000,10000000000000000000000000000000000000,10000000000000000000000000000000000000,529539191922384194556301685025913,8340017132671335704,530000000000000000,14550000000000000000000000000000000000000000,27825902564223630924,8287544365,16000000000000000000000,16000000000000000000000,1000000000000000000000000000000,1000000000000000000000000000000,20000000000000000000000,1000000000000000000000000000000,1160000000000000000,0,0,50000000000000000000000000000,300000000000000000000,15000000000000000000000,15046947470700924446532312757262382,15089215936371352399223507581662382,-1180280621010031964091962784497386,-1132446716064635683641283559197386,13866666849690892482440349972764996,13956769220306716715582224022464996,900000000000000000000000000000,900000000000000000000000000000,10000000000000000000000000000,5000000000000000000000,5000000000000000000000,0,0,500000000000000000000000000,700000000000000000000000000,19000000000000000000,38000000000000000000,5000000000000000000000000000,5000000000000000000000000000,0,2360000000000000000000000000000,500000000000000000000000000,700000000000000000000000000,5000000000000000000000,10000000000000000000000,2000000000000000000000000000000,0,6632342171653981403841,15000000000000000000000,false,0,0,0,0x0000000000000000000000000000000000000000000000000000000000000000,0x0000000000000000000000000000000000000000000000000000000000000000,0x0000000000000000000000000000000000000000000000000000000000000000
0x1CbBa6346F110c8A5ea739ef2d1eb182990e4EB2,0xba5DdD1f9d7F570dc94a51479a000E3BCE967196,0xba5DdD1f9d7F570dc94a51479a000E3BCE967196,0xaf88d065e77c8cC2239327C5EDb3A432268e5831,false,false,AAVE/USD [AAVE-USDC],,false,64751526347262273667828253180201698,62878081136444847999006325230035900,678369451154959285259,600095140542905117006,7864742168019489225263,364238488282,24000000000000000000000,3000000000000,27800000000000000000000,3500000000000,1079152055890408124573277281437260055,1079545491949596207928639531169260055,1050000000000000000000000000000,1050000000000000000000000000000,1000000000000000000000000000000,1000000000000000000000000000000,1000000000000000000000000000000000000,1000000000000000000000000000000000000,371021591202621985023682941419457,18092347149085235303,7230000000000000000,21940000000000000000000000000000000000000000,46015874313571670069,6994916881,23000000000000000000000,23000000000000000000000,1000000000000000000000000000000,1000000000000000000000000000000,20000000000000000000000,1000000000000000000000000000000,1160000000000000000,0,0,50000000000000000000000000000,300000000000000000000,15000000000000000000000,-2505150055452279434174730354201698,-2478712641201868360909616606201698,7790675845247320249784576514035900,7814062753064558348004534346035900,5285525789795040815609846159834202,5335350111862689987094917739834202,900000000000000000000000000000,900000000000000000000000000000,10000000000000000000000000000,3800000000000000000000,3800000000000000000000,0,0,500000000000000000000000000,700000000000000000000000000,250000000000000000000,500000000000000000000,5000000000000000000000000000,5000000000000000000000000000,0,2200000000000000000000000000000,500000000000000000000000000,700000000000000000000000000,4000000000000000000000,8000000000000000000000,2000000000000000000000000000000,1984696226423922329079,0,15000000000000000000000,true,0,0,0,0x0000000000000000000000000000000000000000000000000000000000000000,0x0000000000000000000000000000000000000000000000000000000000000000,0x0000000000000000000000000000000000000000000000000000000000000000
0x248C35760068cE009a13076D573ed3497A47bCD4,0x7D7F1765aCbaF847b9A1f7137FE8Ed4931FbfEbA,0x82aF49447D8a07e3bd95BD0d56f35241523fBab1,0xaf88d065e77c8cC2239327C5EDb3A432268e5831,false,false,ATOM/USD [WETH-USDC],,false,236891042100977391374544015144504001,209783675752587263918578400000000000,18326213455,23560944779,120302451883747924495,422727472737,770000000000000000000,3000000000000,900000000000000000000,3500000000000,886058385308744587533981442772988083,886197526341655078570391281927238083,950000000000000000000000000000,950000000000000000000000000000,900000000000000000000000000000,900000000000000000000000000000,1000000000000000000000000000000000000,1000000000000000000000000000000000000,2965456673375707949170275845609655,913795474,611000000,108840000000000000000000000000000,9755396927547667,0,21500000000000000000000,21500000000000000000000,1000000000000000000000000000000,1000000000000000000000000000000,20000000000000000000000,1000000000000000000000000000000,1160000000000000000,0,0,50000000000000000000000000000,300000000000000000000,15000000000000000000000,-83846989371412414724544015144504001,-83824025343118357874544015144504001,12994331452210931618578400000000000,13023854965285153148578400000000000,-70852657919201483105965615144504001,-70800170377833204725965615144504001,600000000000000000000000000000,600000000000000000000000000000,10000000000000000000000000000,5000000000000000000000,5000000000000000000000,0,0,500000000000000000000000000,700000000000000000000000000,13000000000000000000000,26000000000000000000000,5000000000000000000000000000,5000000000000000000000000000,0,2000000000000000000000000000000,500000000000000000000000000,700000000000000000000000000,5000000000000000000000,5000000000000000000000,2000000000000000000000000000000,8262467807861971931022,0,15000000000000000000000,true,0,0,0,0x0000000000000000000000000000000000000000000000000000000000000000,0x3c48977e4fc47fa4616e13af7ceb68b0d545dce7b1fb9ec7b85bb6e00870a051,0x0000000000000000000000000000000000000000000000000000000000000000
0x63Dc80EE90F26363B3FCD609007CC9e14c8991BE,0x1FF7F3EFBb9481Cbd7db4F932cBCD4467144237C,0x82aF49447D8a07e3bd95BD0d56f35241523fBab1,0xaf88d065e77c8cC2239327C5EDb3A432268e5831,false,false,NEAR/USD [WETH-USDC],,false,615556284768128758630545704479160166,596032429092738661362762347613415296,89874387881623828261506425038,86171169440573928229733832516,219603905830164660530,664747409401,1363000000000000000000,4500000000000,1515000000000000000000,5000000000000,1352087313552693699980727342760063682,1352531570152562015103237702091791286,950000000000000000000000000000,950000000000000000000000000000,900000000000000000000000000000,900000000000000000000000000000,2500000000000000000000000000000000000,2500000000000000000000000000000000000,3621814192537254173368746987867999,4861695670121711950940815223,4361000000000000000000000000,1326000000000000000000000000000000000000000000000000,29748786097289498,0,30000000000000000000000,30000000000000000000000,1000000000000000000000000000000,1000000000000000000000000000000,20000000000000000000000,1000000000000000000000000000000,1160000000000000000,0,0,50000000000000000000000000000,300000000000000000000,15000000000000000000000,28580553256111866802103502775763836,28729025744892309366391511389926612,-21705504582156315729505699292841900,-21563149810240487600070179001525468,6875048673955551072597803482921936,7165875934651821766321332388401144,600000000000000000000000000000,600000000000000000000000000000,10000000000000000000000000000,5000000000000000000000,5000000000000000000000,0,0,500000000000000000000000000,700000000000000000000000000,13000000000000000000000,26000000000000000000000,5000000000000000000000000000,5000000000000000000000000000,0,2000000000000000000000000000000,500000000000000000000000000,700000000000000000000000000,5000000000000000000000,5000000000000000000000,2000000000000000000000000000000,26584200611452041411919,0,15000000000000000000000,true,0,0,0,0x0000000000000000000000000000000000000000000000000000000000000000,0x3c48977e4fc47fa4616e13af7ceb68b0d545dce7b1fb9ec7b85bb6e00870a051,0x0000000000000000000000000000000000000000000000000000000000000000
0x7BbBf946883a5701350007320F525c5379B8178A,0x565609fAF65B92F7be02468acF86f8979423e514,0x565609fAF65B92F7be02468acF86f8979423e514,0xaf88d065e77c8cC2239327C5EDb3A432268e5831,false,false,AVAX/USD [AVAX-USDC],,false,185190669045023518275282419731180405,179738805423722222583792297287278442,5374148839393028734122,4762091641013401776633,24524466435110176145847,812977783569,71500000000000000000000,3000000000000,83300000000000000000000,3500000000000,1647895115950571211414514572071633942,1648307857314209886889302560097633942,1050000000000000000000000000000,1050000000000000000000000000000,1000000000000000000000000000000,1000000000000000000000000000000,2500000000000000000000000000000000000,2500000000000000000000000000000000000,579362924246626028914276774177746,179510173522634965007,79000000000000000000,328600000000000000000000000000000000000000000,29727615288819887872,1485368928,16000000000000000000000,16000000000000000000000,1000000000000000000000000000000,1000000000000000000000000000000,20000000000000000000000,1000000000000000000000000000000,1160000000000000000,0,0,50000000000000000000000000000,300000000000000000000,15000000000000000000000,2568473310209883760127995120819595,2619602962267869035504431828819595,13318084087059690963834378947278442,13363390626932292468337265309278442,15886557397269574723962374068098037,15982993589200161503841697138098037,900000000000000000000000000000,900000000000000000000000000000,10000000000000000000000000000,3800000000000000000000,3800000000000000000000,0,0,500000000000000000000000000,700000000000000000000000000,5000000000000000000000,10000000000000000000000,5000000000000000000000000000,5000000000000000000000000000,0,2000000000000000000000000000000,500000000000000000000000000,700000000000000000000000000,5000000000000000000000,10000000000000000000000,2000000000000000000000000000000,3507101654954862169801,0,3048571330497272670636,true,0,0,0,0x0000000000000000000000000000000000000000000000000000000000000000,0x0000000000000000000000000000000000000000000000000000000000000000,0x0000000000000000000000000000000000000000000000000000000000000000
0x4fDd333FF9cA409df583f306B6F5a7fFdE790739,0xaC800FD6159c2a2CB8fC31EF74621eB430287a5A,0xaC800FD6159c2a2CB8fC31EF74621eB430287a5A,0xaf88d065e77c8cC2239327C5EDb3A432268e5831,false,false,OP/USD [OP-USDC],,false,446128855592420000978057240126726157,330223191825333084858523971452227334,179545609404353374770048,126895753326901961782678,172756712660679688278703,329323454544,500000000000000000000000,2000000000000,750000000000000000000000,3000000000000,770618394356674719403944977234449084,771177208432399397423486310019559084,1050000000000000000000000000000,1050000000000000000000000000000,1000000000000000000000000000000,1000000000000000000000000000000,1000000000000000000000000000000000000,1000000000000000000000000000000000000,2065307228633733075739694111555971,971062655862734124528,311000000000000000000,420000000000000000000000000000000000000000000,338668055193806533906,2057647113,16000000000000000000000,16000000000000000000000,1000000000000000000000000000000,1000000000000000000000000000000,20000000000000000000000,1000000000000000000000000000000,1160000000000000000,0,0,50000000000000000000000000000,300000000000000000000,15000000000000000000000,42589199497291083640771189611513843,42785843235079013587420589282553843,-15322428733888393740873012398852666,-15183448697972170905269769972912666,27266770763402689899898177212661177,27602394537106842682150819309641177,900000000000000000000000000000,900000000000000000000000000000,10000000000000000000000000000,3800000000000000000000,3800000000000000000000,0,0,500000000000000000000000000,700000000000000000000000000,250000000000000000000,500000000000000000000,5000000000000000000000000000,5000000000000000000000000000,0,2200000000000000000000000000000,500000000000000000000000000,700000000000000000000000000,4000000000000000000000,8000000000000000000000,2000000000000000000000000000000,16635449912274733227360,0,15000000000000000000000,true,0,0,0,0x0000000000000000000000000000000000000000000000000000000000000000,0x0000000000000000000000000000000000000000000000000000000000000000,0x0000000000000000000000000000000000000000000000000000000000000000
0x7C11F78Ce78768518D743E81Fdfa2F860C6b9A77,0x47904963fc8b2340414262125aF798B9655E58Cd,0x2f2a2543B76A4166549F7aaB2e75Bef0aefC5B0f,0x2f2a2543B76A4166549F7aaB2e75Bef0aefC5B0f,true,false,BTC/USD [BTC],,false,1029698714916013189496174913600000000,1017327727738312484991759032100000000,1579466406,1579136854,4906775767,4906775767,100000000000,100000000000,100000000000,100000000000,6252736661645082715828407124833081242,6252920505024603325656407124833081242,500000000000000000000000000000,500000000000000000000000000000,450000000000000000000000000000,450000000000000000000000000000,20000000000000000000000000000000000000,20000000000000000000000000000000000000,4691744361807919180938481481081338,8056291,5000000,7270400000000000000000000000000,0,0,35300000000000000000000,35300000000000000000000,1000000000000000000000000000000,1000000000000000000000000000000,20000000000000000000000,1000000000000000000000000000000,790000000000000000,0,0,50000000000000000000000000000,300000000000000000000,10000000000000000000000,-24941362114445929496174913600000000,-24918991561550378930174913600000000,12757649341243538697759032100000000,12780015226575144991759032100000000,-12183712773202390798415881500000000,-12138976334975233938415881500000000,900000000000000000000000000000,900000000000000000000000000000,10000000000000000000000000000,200000000000000000000,200000000000000000000,0,0,500000000000000000000000000,700000000000000000000000000,90000000000000000000,150000000000000000000,5000000000000000000000000000,5000000000000000000000000000,0,2000000000000000000000000000000,0,0,0,0,1000000000000000000000000000000,11363145199135777559345,0,2295814330180751224063,true,0,0,-1018280979324122622566403054219536634,0x0000000000000000000000000000000000000000000000000000000000000000,0x0000000000000000000000000000000000000000000000000000000000000000,0x0000000000000000000000000000000000000000000000000000000000000000
0x450bb6774Dd8a756274E0ab4107953259d2ac541,0x82aF49447D8a07e3bd95BD0d56f35241523fBab1,0x82aF49447D8a07e3bd95BD0d56f35241523fBab1,0x82aF49447D8a07e3bd95BD0d56f35241523fBab1,true,false,ETH/USD [WETH],,false,686368242240605771301057770490103024,474299606769731280897151490678663278,209255470449926160148,147181984356326508750,702036129712125259206,702036129712125259206,20000000000000000000000,20000000000000000000000,20000000000000000000000,20000000000000000000000,4653851078616798946960755833410981237,4654484171427729527837466882360631237,400000000000000000000000000000,400000000000000000000000000000,350000000000000000000000000000,350000000000000000000000000000,20000000000000000000000000000000000000,20000000000000000000000000000000000000,662637480933213793295938288637288,507300596243288461,500000000000000000,464770000000000000000000000000000000000000,0,0,45000000000000000000000,45000000000000000000000,1000000000000000000000000000000,1000000000000000000000000000000,20000000000000000000000,1000000000000000000000000000000,790000000000000000,0,0,50000000000000000000000000000,300000000000000000000,10000000000000000000000,6439351151402410732654306095696976,6514579361439361554421076709896976,-13046642246028027202785759321336722,-12993729711846692744135123008836722,-6607291094625616470131453225639746,-6479150350407331189714046298939746,900000000000000000000000000000,900000000000000000000000000000,10000000000000000000000000000,200000000000000000000,200000000000000000000,0,0,500000000000000000000000000,700000000000000000000000000,90000000000000000000,150000000000000000000,5000000000000000000000000000,5000000000000000000000000000,0,2000000000000000000000000000000,0,0,0,0,1000000000000000000000000000000,13414578335496265854715,0,10000000000000000000000,true,0,0,-461707112804159514314730604507086870,0x0000000000000000000000000000000000000000000000000000000000000000,0x3c48977e4fc47fa4616e13af7ceb68b0d545dce7b1fb9ec7b85bb6e00870a051,0x3c48977e4fc47fa4616e13af7ceb68b0d545dce7b1fb9ec7b85bb6e00870a051
0x9C2433dFD71096C435Be9465220BB2B189375eA7,0x0000000000000000000000000000000000000000,0xaf88d065e77c8cC2239327C5EDb3A432268e5831,0xFF970A61A04b1cA14834A43f5dE4533eBDDB5CC8,false,true,SWAP-ONLY [USDC-USDC.e],,false,0,0,0,0,94941684369,122792712236,10000000000000,10000000000000,10000000000000,10000000000000,217728813895071047800000000000000000,217750580802699649650000000000000000,0,0,0,0,0,0,0,0,0,0,7429583,480395464,0,0,0,0,0,0,0,0,0,0,0,0,0,0,0,0,0,0,0,0,0,0,0,0,0,0,0,0,0,0,0,0,0,50000000000000000000000000,200000000000000000000000000,1500000000000000000000,1500000000000000000000,2000000000000000000000000000000,0,0,0,false,0,0,0,0x0000000000000000000000000000000000000000000000000000000000000000,0x0000000000000000000000000000000000000000000000000000000000000000,0x0000000000000000000000000000000000000000000000000000000000000000
0xB686BcB112660343E6d15BDb65297e110C8311c4,0x0000000000000000000000000000000000000000,0xaf88d065e77c8cC2239327C5EDb3A432268e5831,0xFd086bC7CD5C481DCC9C85ebE478A1C0b69FCbb9,false,true,SWAP-ONLY [USDC-USDT],,false,0,0,0,0,553441134824,562894966090,10000000000000,10000000000000,10000000000000,10000000000000,1116106822887810462740000000000000000,1116198671023458737220000000000000000,0,0,0,0,0,0,0,0,0,0,8222592,274185697,0,0,0,0,0,0,0,0,0,0,0,0,0,0,0,0,0,0,0,0,0,0,0,0,0,0,0,0,0,0,0,0,0,50000000000000000000000000,200000000000000000000000000,5000000000000000000000,5000000000000000000000,2000000000000000000000000000000,0,0,0,false,0,0,0,0x0000000000000000000000000000000000000000000000000000000000000000,0x0000000000000000000000000000000000000000000000000000000000000000,0x0000000000000000000000000000000000000000000000000000000000000000
0xe2fEDb9e6139a182B98e7C2688ccFa3e9A53c665,0x0000000000000000000000000000000000000000,0xaf88d065e77c8cC2239327C5EDb3A432268e5831,0xDA10009cBd5D07dd0CeCc66161FC93D7c9000da1,false,true,SWAP-ONLY [USDC-DAI],,false,0,0,0,0,248565323011,255200218318090471889783,10000000000000,10000000000000000000000000,10000000000000,10000000000000000000000000,503837335941079300961322840532900000,503896126645457016664084181671900000,0,0,0,0,0,0,0,0,0,0,30994140,134281369623986318341,0,0,0,0,0,0,0,0,0,0,0,0,0,0,0,0,0,0,0,0,0,0,0,0,0,0,0,0,0,0,0,0,0,50000000000000000000000000,200000000000000000000000000,5000000000000000000000,5000000000000000000000,2000000000000000000000000000000,0,0,0,false,0,0,0,0x0000000000000000000000000000000000000000000000000000000000000000,0x0000000000000000000000000000000000000000000000000000000000000000,0x0000000000000000000000000000000000000000000000000000000000000000